{"cameraMode":{"drawMode":0,"name":"Shaded","section":"Shading Mode"},"sceneLighting":false,"audioPlay":false,"sceneViewState":{"showFog":false,"showMaterialUpdate":false,"showSkybox":false,"showFlares":false,"showImageEffects":false,"showParticleSystems":false},"in2DMode":false,"pivot":{"x":-3.024732828140259,"y":0.5629396438598633,"z":-0.9879242181777954},"rotation":{"x":0.1478864848613739,"y":-0.07025247067213059,"z":0.010532073676586151,"w":0.9864498376846314},"size":3.903801202774048,"orthographic":false}