{"cameraMode":{"drawMode":0,"name":"Shaded","section":"Shading Mode"},"sceneLighting":false,"audioPlay":false,"sceneViewState":{"showFog":true,"showMaterialUpdate":false,"showSkybox":true,"showFlares":true,"showImageEffects":true,"showParticleSystems":true},"in2DMode":false,"pivot":{"x":-21.083267211914064,"y":2.4752259254455568,"z":7.983014106750488},"rotation":{"x":0.09466128051280976,"y":-0.6103313565254211,"z":0.07378577440977097,"w":0.7830010652542114},"size":7.327447891235352,"orthographic":false}