{"cameraMode":{"drawMode":0,"name":"Shaded","section":"Shading Mode"},"sceneLighting":false,"audioPlay":false,"sceneViewState":{"showFog":true,"showMaterialUpdate":false,"showSkybox":true,"showFlares":true,"showImageEffects":true,"showParticleSystems":true},"in2DMode":false,"pivot":{"x":0.0,"y":8.215953826904297,"z":1.1999998092651368},"rotation":{"x":0.18677471578121186,"y":-0.2903779149055481,"z":0.0578986331820488,"w":0.9367196559906006},"size":51.048377990722659,"orthographic":false}